               epoch,      train/box_loss,      train/obj_loss,      train/cls_loss,   metrics/precision,      metrics/recall,     metrics/mAP_0.5,metrics/mAP_0.5:0.95,        val/box_loss,        val/obj_loss,        val/cls_loss,               x/lr0,               x/lr1,               x/lr2
                   0,             0.11525,            0.030146,            0.039339,           0.0017074,             0.33838,           0.0023097,          0.00048765,            0.088672,            0.039706,            0.034454,              0.0919,              0.0009,              0.0009
                   1,            0.086504,            0.035485,            0.029172,             0.75333,             0.14478,             0.10209,            0.026988,            0.064677,             0.04043,            0.020964,            0.082891,           0.0018906,           0.0018906
                   2,            0.072084,            0.033631,            0.020156,             0.61795,             0.33754,              0.1607,            0.044504,            0.062923,            0.031958,            0.017585,            0.073871,           0.0028713,           0.0028713
                   3,            0.070436,            0.025709,             0.01558,             0.79574,             0.24579,             0.20904,            0.066065,            0.062993,            0.026314,             0.01612,            0.064842,           0.0038421,           0.0038421
                   4,            0.073076,            0.022334,             0.01675,             0.74124,             0.10438,              0.2459,            0.077505,            0.086911,            0.019162,            0.016001,            0.055803,            0.004803,            0.004803
                   5,            0.076814,            0.022085,            0.018244,             0.69075,             0.20202,             0.03104,           0.0087105,            0.084846,             0.01977,            0.015269,            0.046754,            0.005754,            0.005754
                   6,            0.071847,            0.020903,            0.015587,             0.73092,             0.27946,             0.14098,             0.03792,            0.075608,            0.021486,            0.014655,            0.037695,           0.0066951,           0.0066951
                   7,            0.070267,            0.018834,            0.014535,             0.71528,             0.25926,            0.092719,            0.033341,            0.079414,            0.024036,            0.013976,            0.028626,           0.0076263,           0.0076263
                   8,            0.068116,            0.018691,            0.014858,             0.82668,             0.23906,             0.28999,            0.096931,            0.062814,            0.017399,            0.012813,            0.019548,           0.0085476,           0.0085476
                   9,            0.060769,            0.019383,            0.012976,             0.80783,             0.21549,             0.24631,            0.095775,            0.059217,            0.019225,            0.011643,            0.010459,            0.009459,            0.009459
                  10,            0.053394,            0.018209,            0.015528,             0.58295,              0.4899,             0.45312,             0.19495,            0.059639,            0.020929,            0.011638,            0.009505,            0.009505,            0.009505
                  11,             0.05026,             0.01672,            0.013614,             0.54939,             0.51407,             0.62232,             0.24108,            0.053103,            0.021499,            0.011416,            0.009505,            0.009505,            0.009505
                  12,            0.050822,             0.01583,            0.011778,             0.61408,             0.28788,             0.26615,            0.068046,             0.07179,            0.019247,            0.010465,           0.0094555,           0.0094555,           0.0094555
                  13,            0.050774,            0.015797,            0.011232,             0.83965,             0.39731,             0.56679,             0.14301,            0.054813,            0.020813,            0.010377,            0.009406,            0.009406,            0.009406
                  14,            0.044919,            0.016073,            0.010028,             0.82552,             0.40741,             0.71952,             0.24603,            0.056589,            0.019763,           0.0089716,           0.0093565,           0.0093565,           0.0093565
                  15,            0.041731,            0.016103,           0.0090835,             0.62789,             0.72183,             0.84937,             0.44895,            0.038913,             0.01723,           0.0068643,            0.009307,            0.009307,            0.009307
                  16,            0.043574,            0.014908,           0.0073667,             0.53027,              0.4285,             0.41031,             0.15352,            0.058734,             0.01734,           0.0087911,           0.0092575,           0.0092575,           0.0092575
                  17,            0.042549,            0.014901,           0.0084409,             0.77565,             0.56137,             0.64733,             0.33191,            0.043347,            0.017425,            0.009627,            0.009208,            0.009208,            0.009208
                  18,            0.036919,            0.014307,           0.0094771,             0.64981,             0.74832,             0.66748,             0.32786,            0.040365,             0.01711,           0.0074961,           0.0091585,           0.0091585,           0.0091585
                  19,            0.038115,            0.015504,           0.0074957,             0.73436,             0.60269,             0.58056,             0.21828,            0.043314,            0.018047,            0.010932,            0.009109,            0.009109,            0.009109
                  20,            0.035758,            0.014896,           0.0071406,              0.7479,             0.77715,              0.8177,             0.43721,            0.036265,             0.01545,           0.0075035,           0.0090595,           0.0090595,           0.0090595
                  21,            0.037007,            0.014769,           0.0052257,              0.7325,              0.8279,             0.80645,              0.3808,            0.045028,            0.016125,           0.0062796,             0.00901,             0.00901,             0.00901
                  22,            0.035487,            0.013104,           0.0054963,             0.62296,             0.60849,             0.65571,             0.35945,            0.035903,            0.016828,             0.01236,           0.0089605,           0.0089605,           0.0089605
                  23,            0.033235,            0.013538,           0.0050892,              0.7271,             0.54991,             0.60685,             0.33483,            0.037073,            0.017024,            0.013961,            0.008911,            0.008911,            0.008911
                  24,             0.03522,            0.013882,           0.0049627,              0.6556,             0.64887,             0.64378,             0.24519,            0.039607,            0.014811,            0.011371,           0.0088615,           0.0088615,           0.0088615
                  25,             0.03477,             0.01394,            0.004949,              0.7394,             0.78213,             0.77012,             0.38488,            0.034893,            0.015566,           0.0069628,            0.008812,            0.008812,            0.008812
                  26,            0.033938,            0.013227,           0.0045332,             0.78342,             0.82687,             0.85831,             0.46696,             0.03599,            0.015655,           0.0074844,           0.0087625,           0.0087625,           0.0087625
                  27,            0.034461,            0.013465,             0.00358,             0.78845,             0.82984,             0.85987,             0.48515,            0.032362,            0.015256,           0.0050298,            0.008713,            0.008713,            0.008713
                  28,            0.030885,            0.013059,           0.0036399,             0.85077,             0.83014,             0.90694,             0.48251,            0.031917,            0.015024,           0.0058257,           0.0086635,           0.0086635,           0.0086635
                  29,            0.033951,            0.012934,           0.0037031,             0.59168,             0.77261,             0.67842,             0.33859,            0.035303,            0.014856,           0.0077583,            0.008614,            0.008614,            0.008614
                  30,            0.031024,            0.012713,           0.0033392,             0.76012,              0.7823,              0.7961,             0.38668,            0.033183,            0.014789,           0.0068128,           0.0085645,           0.0085645,           0.0085645
                  31,            0.032617,            0.013291,           0.0036989,             0.85161,             0.72163,             0.82058,             0.45623,            0.032282,            0.015145,            0.007893,            0.008515,            0.008515,            0.008515
                  32,            0.031205,            0.013249,           0.0034216,             0.75198,             0.71992,             0.80395,              0.4261,            0.032868,             0.01488,           0.0072779,           0.0084655,           0.0084655,           0.0084655
                  33,            0.032047,            0.012453,           0.0036978,             0.77572,             0.79049,              0.8735,             0.48947,            0.032917,             0.01553,            0.004879,            0.008416,            0.008416,            0.008416
                  34,            0.032206,            0.013463,           0.0041167,             0.63855,             0.83945,             0.72695,             0.38916,            0.035485,            0.015637,            0.009226,           0.0083665,           0.0083665,           0.0083665
                  35,            0.031129,            0.013179,           0.0056969,             0.76727,             0.96633,             0.89183,             0.51267,            0.033942,            0.015096,           0.0052181,            0.008317,            0.008317,            0.008317
                  36,            0.028764,            0.012622,            0.004086,             0.81946,             0.78661,             0.83965,             0.43149,            0.037046,             0.01634,           0.0068148,           0.0082675,           0.0082675,           0.0082675
                  37,            0.030232,            0.012155,            0.003215,             0.74399,             0.75996,             0.81352,             0.43969,            0.034762,             0.01649,           0.0090452,            0.008218,            0.008218,            0.008218
                  38,            0.029533,            0.012974,           0.0031381,             0.82195,             0.77672,             0.86823,             0.45864,             0.04091,            0.015271,           0.0088452,           0.0081685,           0.0081685,           0.0081685
                  39,            0.030757,            0.012253,           0.0035949,             0.80695,             0.80024,             0.85778,             0.53774,            0.029746,            0.014097,           0.0087275,            0.008119,            0.008119,            0.008119
                  40,            0.027129,            0.012051,           0.0030649,             0.79689,             0.75758,             0.79995,             0.46595,            0.032166,            0.014392,           0.0092681,           0.0080695,           0.0080695,           0.0080695
                  41,            0.031403,            0.012055,           0.0030149,             0.92727,             0.76986,             0.83758,             0.46458,            0.033489,            0.015758,           0.0082539,             0.00802,             0.00802,             0.00802
                  42,            0.029543,            0.012183,           0.0027728,             0.88302,             0.80988,             0.86157,             0.49971,            0.031961,            0.015286,           0.0061688,           0.0079705,           0.0079705,           0.0079705
                  43,            0.027594,            0.011871,           0.0030249,             0.86029,             0.74931,               0.882,              0.5219,            0.033177,            0.014882,           0.0081363,            0.007921,            0.007921,            0.007921
                  44,            0.027539,            0.012037,           0.0027279,             0.76667,             0.83637,             0.85275,             0.50849,            0.031726,            0.014986,            0.010122,           0.0078715,           0.0078715,           0.0078715
                  45,            0.026149,            0.011591,           0.0025239,             0.83201,             0.83751,             0.87462,             0.47221,            0.033678,            0.015462,            0.010445,            0.007822,            0.007822,            0.007822
                  46,            0.027022,            0.012273,           0.0026771,             0.86132,             0.77979,             0.89106,             0.50464,            0.032743,            0.014666,            0.008816,           0.0077725,           0.0077725,           0.0077725
                  47,             0.02681,            0.011813,           0.0029225,             0.87855,             0.76897,             0.88061,             0.44419,            0.035931,            0.014771,           0.0070427,            0.007723,            0.007723,            0.007723
                  48,            0.029775,            0.012615,           0.0025585,              0.8961,             0.84548,             0.91428,             0.46842,            0.029517,            0.014298,           0.0053067,           0.0076735,           0.0076735,           0.0076735
                  49,            0.027978,            0.012509,           0.0028679,             0.91422,             0.80424,             0.88159,              0.5042,            0.032471,            0.014925,           0.0060336,            0.007624,            0.007624,            0.007624
                  50,            0.027643,            0.011411,           0.0023072,             0.95626,             0.82232,             0.87574,             0.48171,            0.030847,            0.014601,           0.0068138,           0.0075745,           0.0075745,           0.0075745
                  51,            0.025833,            0.011963,           0.0024766,             0.86281,             0.83171,             0.87338,             0.52795,              0.0294,            0.014456,           0.0075982,            0.007525,            0.007525,            0.007525
                  52,            0.025469,            0.011418,           0.0021939,              0.8382,             0.82651,             0.90519,             0.51654,            0.032172,            0.015088,           0.0070306,           0.0074755,           0.0074755,           0.0074755
                  53,            0.026443,            0.011758,           0.0022481,             0.79429,             0.78535,             0.76168,             0.42807,            0.032039,            0.015596,           0.0075438,            0.007426,            0.007426,            0.007426
                  54,             0.02647,            0.011367,           0.0020095,             0.90704,             0.82858,             0.89237,              0.5093,            0.032425,            0.015878,           0.0068803,           0.0073765,           0.0073765,           0.0073765
                  55,            0.027439,            0.011481,            0.002479,             0.96837,             0.81774,              0.9141,             0.55064,            0.032732,            0.015396,           0.0058422,            0.007327,            0.007327,            0.007327
                  56,            0.025742,            0.011328,           0.0022274,             0.82267,             0.93771,             0.94402,             0.53755,            0.029948,             0.01542,           0.0062118,           0.0072775,           0.0072775,           0.0072775
                  57,             0.02433,            0.011148,           0.0018282,             0.94784,             0.80287,             0.89754,             0.52057,            0.031829,            0.015594,           0.0048036,            0.007228,            0.007228,            0.007228
                  58,            0.025453,             0.01079,             0.00246,             0.92492,             0.81313,              0.9072,             0.51195,            0.029996,            0.015611,           0.0052428,           0.0071785,           0.0071785,           0.0071785
                  59,            0.024344,            0.010774,           0.0016697,              0.9495,             0.84705,             0.92857,             0.58721,            0.032333,            0.015532,           0.0070732,            0.007129,            0.007129,            0.007129
                  60,            0.024878,            0.011302,           0.0021005,             0.94929,             0.84604,             0.91802,             0.50906,            0.034939,            0.016587,           0.0074249,           0.0070795,           0.0070795,           0.0070795
                  61,            0.024994,            0.010956,           0.0018815,             0.89703,             0.81184,             0.87103,             0.49658,            0.030958,            0.015491,           0.0081013,             0.00703,             0.00703,             0.00703
                  62,            0.023619,            0.010703,           0.0021789,             0.80507,             0.83903,             0.85623,             0.50568,            0.030856,             0.01532,           0.0073059,           0.0069805,           0.0069805,           0.0069805
                  63,            0.022703,            0.010387,           0.0025363,             0.89155,             0.78949,             0.89109,             0.48595,            0.031956,            0.016311,            0.004914,            0.006931,            0.006931,            0.006931
                  64,            0.023058,            0.010269,           0.0020199,             0.92716,             0.78366,              0.9088,             0.48451,            0.033448,             0.01714,           0.0058601,           0.0068815,           0.0068815,           0.0068815
                  65,             0.02291,            0.010624,           0.0018637,             0.92654,             0.80134,             0.92867,             0.50704,             0.03008,            0.016193,           0.0061354,            0.006832,            0.006832,            0.006832
                  66,             0.02376,             0.01079,           0.0019181,             0.90342,             0.78488,             0.93071,             0.46868,            0.031799,            0.015751,           0.0072111,           0.0067825,           0.0067825,           0.0067825
                  67,            0.022863,            0.010898,           0.0021465,             0.89246,             0.84855,             0.93947,             0.51784,            0.034189,            0.016595,            0.006847,            0.006733,            0.006733,            0.006733
                  68,            0.024414,            0.010424,           0.0020239,             0.92595,             0.89983,             0.92821,             0.51122,            0.032767,              0.0175,           0.0052927,           0.0066835,           0.0066835,           0.0066835
                  69,             0.02371,            0.010653,           0.0017425,             0.93899,             0.89762,             0.94803,              0.5254,            0.029596,            0.017061,           0.0040985,            0.006634,            0.006634,            0.006634
                  70,            0.020655,            0.010473,           0.0015534,             0.91286,             0.88384,             0.96309,             0.53855,            0.030371,            0.016577,           0.0039752,           0.0065845,           0.0065845,           0.0065845
                  71,            0.023196,            0.010519,           0.0019004,             0.96914,             0.87889,             0.95822,             0.55162,            0.029544,            0.016139,           0.0038942,            0.006535,            0.006535,            0.006535
                  72,            0.021677,            0.010036,           0.0017667,             0.94991,             0.88973,              0.9623,             0.47434,            0.028947,            0.016395,           0.0050799,           0.0064855,           0.0064855,           0.0064855
                  73,            0.020836,           0.0097668,           0.0020445,             0.96661,             0.89646,             0.95893,             0.52979,            0.028591,            0.016094,           0.0056382,            0.006436,            0.006436,            0.006436
                  74,            0.021335,            0.010636,           0.0017759,             0.88096,             0.91421,             0.94812,             0.52504,            0.029759,            0.015879,           0.0057093,           0.0063865,           0.0063865,           0.0063865
                  75,            0.022625,            0.010239,           0.0017493,             0.89826,             0.91544,              0.9547,             0.50599,            0.031471,            0.016265,            0.005109,            0.006337,            0.006337,            0.006337
                  76,            0.023438,            0.010716,           0.0017916,             0.84854,             0.90083,             0.94082,             0.52651,            0.029044,              0.0161,           0.0078665,           0.0062875,           0.0062875,           0.0062875
                  77,            0.022513,           0.0098058,           0.0019014,             0.77708,             0.83848,             0.86444,             0.47868,            0.030269,            0.016243,            0.010264,            0.006238,            0.006238,            0.006238
                  78,            0.021573,            0.010521,           0.0016746,             0.69924,             0.84091,             0.89395,             0.48335,            0.028835,            0.015492,            0.010596,           0.0061885,           0.0061885,           0.0061885
                  79,            0.023329,            0.010011,           0.0019663,             0.89018,             0.71422,              0.8805,             0.52104,            0.029427,            0.015931,           0.0088298,            0.006139,            0.006139,            0.006139
                  80,            0.022213,            0.010158,           0.0014863,              0.7911,             0.79074,             0.89619,             0.51568,            0.030146,            0.016963,           0.0064822,           0.0060895,           0.0060895,           0.0060895
                  81,            0.022338,            0.009782,           0.0019267,             0.87228,             0.84113,             0.92435,             0.54585,            0.029945,            0.016392,           0.0059733,             0.00604,             0.00604,             0.00604
                  82,            0.020087,           0.0099745,           0.0014294,             0.94246,             0.81313,             0.90956,             0.53362,            0.031594,            0.016627,           0.0072721,           0.0059905,           0.0059905,           0.0059905
                  83,            0.022577,            0.010059,           0.0015297,             0.93629,             0.77938,             0.91317,              0.5289,            0.031278,            0.016923,           0.0076595,            0.005941,            0.005941,            0.005941
                  84,            0.021639,           0.0092181,           0.0016668,             0.97828,             0.77949,             0.88173,             0.51453,            0.032366,            0.017538,           0.0083798,           0.0058915,           0.0058915,           0.0058915
                  85,            0.020889,            0.010349,           0.0014201,             0.87886,              0.8411,             0.89935,             0.52528,            0.029977,            0.016916,           0.0069899,            0.005842,            0.005842,            0.005842
                  86,            0.020527,           0.0098085,           0.0016837,              0.8341,             0.84532,             0.90837,             0.55946,            0.028722,            0.016405,           0.0070878,           0.0057925,           0.0057925,           0.0057925
                  87,            0.019609,           0.0095108,           0.0015845,             0.92513,             0.83528,             0.90755,               0.529,            0.028634,            0.016591,           0.0068184,            0.005743,            0.005743,            0.005743
                  88,            0.019259,           0.0095757,           0.0011125,             0.92758,             0.84108,             0.90432,             0.52762,            0.029574,             0.01707,           0.0073279,           0.0056935,           0.0056935,           0.0056935
                  89,             0.01946,            0.009147,           0.0016195,             0.92395,             0.84313,             0.91251,             0.51621,            0.030079,            0.017479,           0.0067989,            0.005644,            0.005644,            0.005644
                  90,            0.018942,           0.0093171,           0.0013475,             0.92006,              0.8314,             0.93061,             0.53243,            0.032412,            0.017283,           0.0061297,           0.0055945,           0.0055945,           0.0055945
                  91,            0.022017,           0.0095617,           0.0020552,             0.87335,              0.9081,              0.9519,             0.58573,            0.030393,            0.016578,           0.0065241,            0.005545,            0.005545,            0.005545
                  92,            0.019315,           0.0094779,           0.0014185,             0.83037,              0.9129,             0.95084,             0.56105,            0.028152,            0.016052,           0.0075661,           0.0054955,           0.0054955,           0.0054955
                  93,            0.019415,           0.0093477,           0.0012125,              0.8295,             0.87177,             0.95404,             0.56859,            0.027849,            0.015905,           0.0086886,            0.005446,            0.005446,            0.005446
                  94,            0.019465,              0.0101,           0.0014383,             0.83991,             0.95113,             0.93272,             0.55475,            0.028418,            0.016224,           0.0071072,           0.0053965,           0.0053965,           0.0053965
                  95,            0.018739,           0.0095264,           0.0011227,             0.84803,             0.92053,             0.91468,             0.50325,            0.029447,            0.016517,           0.0066949,            0.005347,            0.005347,            0.005347
                  96,            0.018396,           0.0086938,           0.0015202,             0.84657,              0.9062,             0.91643,             0.53138,            0.028604,            0.016582,           0.0069621,           0.0052975,           0.0052975,           0.0052975
                  97,            0.017263,           0.0090229,           0.0014921,             0.81899,             0.88424,             0.93458,             0.52699,            0.029215,            0.016716,           0.0076037,            0.005248,            0.005248,            0.005248
                  98,            0.018976,           0.0085922,           0.0011601,             0.86707,             0.84848,             0.92632,             0.56376,            0.029275,            0.016576,            0.008002,           0.0051985,           0.0051985,           0.0051985
                  99,             0.01865,           0.0090363,           0.0014359,             0.89747,             0.83412,             0.94207,             0.52552,            0.028993,            0.016734,           0.0074868,            0.005149,            0.005149,            0.005149
                 100,            0.018541,           0.0089323,           0.0012341,             0.84883,             0.89001,             0.94505,             0.55383,            0.029789,            0.016891,            0.006623,           0.0050995,           0.0050995,           0.0050995
                 101,            0.020239,           0.0094939,           0.0014112,              0.9645,             0.78287,             0.94115,              0.5457,            0.029794,            0.016964,           0.0061236,             0.00505,             0.00505,             0.00505
                 102,            0.018611,           0.0097651,           0.0015374,             0.92898,             0.76778,             0.93231,             0.56862,             0.03024,            0.017007,           0.0059103,           0.0050005,           0.0050005,           0.0050005
                 103,            0.017425,            0.009266,           0.0012961,             0.86012,             0.86812,             0.94308,             0.54854,            0.030163,            0.017409,           0.0055628,            0.004951,            0.004951,            0.004951
                 104,            0.017234,           0.0091912,           0.0015823,             0.79349,             0.95491,             0.94384,             0.58031,            0.028988,            0.017517,           0.0059407,           0.0049015,           0.0049015,           0.0049015
                 105,            0.019477,            0.009373,           0.0013805,             0.77258,             0.91273,             0.93178,             0.56921,             0.02885,            0.017189,           0.0070821,            0.004852,            0.004852,            0.004852
                 106,            0.018264,           0.0088398,           0.0011796,             0.82377,             0.84764,             0.89363,             0.52965,            0.028335,            0.016934,           0.0078126,           0.0048025,           0.0048025,           0.0048025
                 107,             0.01708,           0.0087486,            0.001129,             0.78965,             0.85895,             0.88907,             0.52553,            0.028109,            0.016997,           0.0080322,            0.004753,            0.004753,            0.004753
                 108,             0.01729,           0.0084046,          0.00096057,             0.83248,             0.78358,             0.87696,             0.50875,            0.028042,            0.017077,           0.0083842,           0.0047035,           0.0047035,           0.0047035
                 109,            0.018601,           0.0093363,           0.0010777,             0.82228,             0.77622,             0.88581,             0.50432,            0.028843,            0.017486,           0.0082759,            0.004654,            0.004654,            0.004654
                 110,            0.018333,           0.0092086,           0.0014259,             0.81977,             0.80879,             0.89886,             0.52928,            0.028805,            0.018021,           0.0081789,           0.0046045,           0.0046045,           0.0046045
                 111,            0.017918,           0.0086146,          0.00091407,             0.79897,             0.83093,             0.90206,             0.53861,             0.02841,            0.018425,           0.0077306,            0.004555,            0.004555,            0.004555
                 112,            0.016579,           0.0088304,           0.0012345,             0.84562,             0.83828,             0.91617,             0.54829,             0.03024,            0.017903,           0.0074199,           0.0045055,           0.0045055,           0.0045055
                 113,            0.017338,           0.0089092,           0.0014202,             0.83608,             0.92449,             0.92494,             0.55762,            0.029538,             0.01808,           0.0073179,            0.004456,            0.004456,            0.004456
                 114,            0.016454,           0.0090655,           0.0013893,             0.83291,               0.883,             0.90796,             0.53497,             0.03036,            0.018148,           0.0078528,           0.0044065,           0.0044065,           0.0044065
                 115,            0.018373,           0.0087185,           0.0013649,              0.8069,             0.92272,             0.91721,             0.56275,            0.029337,            0.018389,            0.007482,            0.004357,            0.004357,            0.004357
                 116,            0.018395,            0.009101,           0.0011634,             0.78499,             0.90339,             0.90691,             0.53444,            0.028406,            0.017904,           0.0075642,           0.0043075,           0.0043075,           0.0043075
                 117,             0.01484,           0.0086011,           0.0012421,             0.91508,             0.80162,             0.91146,             0.52473,            0.029538,            0.017978,           0.0071699,            0.004258,            0.004258,            0.004258
                 118,            0.015804,           0.0083224,           0.0011524,             0.87725,             0.82083,             0.92245,             0.53955,             0.02987,            0.017799,           0.0079242,           0.0042085,           0.0042085,           0.0042085
                 119,            0.016103,            0.008449,           0.0011586,             0.88528,             0.84522,             0.93184,             0.55015,            0.029283,            0.017738,           0.0074398,            0.004159,            0.004159,            0.004159
                 120,            0.015588,           0.0084549,          0.00091372,             0.86883,             0.81263,             0.91089,             0.55717,            0.029949,            0.017954,            0.008082,           0.0041095,           0.0041095,           0.0041095
                 121,            0.016352,           0.0084668,           0.0011786,             0.86707,             0.81507,             0.90682,             0.54053,            0.030427,              0.0179,           0.0085804,             0.00406,             0.00406,             0.00406
                 122,            0.016204,           0.0084798,           0.0012347,             0.86456,             0.80481,              0.9108,             0.54964,            0.029498,            0.017976,           0.0086765,           0.0040105,           0.0040105,           0.0040105
                 123,            0.014872,           0.0077799,           0.0012372,             0.91604,             0.75505,              0.9037,             0.52037,             0.03023,            0.018311,           0.0083919,            0.003961,            0.003961,            0.003961
                 124,             0.01623,           0.0081007,           0.0010484,             0.78825,             0.91002,             0.91177,             0.53365,             0.02928,            0.017737,           0.0077188,           0.0039115,           0.0039115,           0.0039115
                 125,            0.015676,           0.0079675,           0.0012992,             0.80951,             0.91672,             0.91559,              0.5534,            0.029469,            0.017758,           0.0069482,            0.003862,            0.003862,            0.003862
                 126,            0.015418,            0.008176,          0.00084775,             0.84351,             0.86573,             0.92281,             0.55063,             0.02874,            0.017997,           0.0066688,           0.0038125,           0.0038125,           0.0038125
                 127,            0.014959,           0.0083344,          0.00098824,             0.85678,             0.89022,             0.93795,             0.53986,            0.028718,            0.017873,           0.0065126,            0.003763,            0.003763,            0.003763
                 128,            0.015965,           0.0078674,          0.00085931,             0.85669,             0.89525,             0.92768,             0.56256,            0.028052,            0.017882,           0.0066588,           0.0037135,           0.0037135,           0.0037135
                 129,            0.016311,           0.0083468,          0.00078448,             0.85746,             0.89463,             0.91781,             0.54775,            0.027929,            0.018125,           0.0067071,            0.003664,            0.003664,            0.003664
                 130,            0.015582,           0.0082625,          0.00096003,             0.86656,             0.89948,             0.91198,             0.52617,            0.028285,            0.018516,           0.0063679,           0.0036145,           0.0036145,           0.0036145
                 131,            0.014458,           0.0073239,          0.00077521,             0.88542,             0.84877,             0.91634,             0.53608,            0.028459,            0.018559,           0.0066168,            0.003565,            0.003565,            0.003565
                 132,            0.015279,           0.0077803,          0.00088491,             0.77869,             0.86324,             0.90808,             0.52621,            0.028021,            0.018263,           0.0067822,           0.0035155,           0.0035155,           0.0035155
                 133,            0.016811,           0.0087183,          0.00081346,             0.89538,               0.751,             0.88636,             0.53178,            0.028137,            0.018134,            0.006796,            0.003466,            0.003466,            0.003466
                 134,            0.015953,           0.0082084,           0.0011258,             0.78399,             0.84788,             0.89526,             0.51506,            0.028737,            0.018172,           0.0066241,           0.0034165,           0.0034165,           0.0034165
                 135,            0.014823,           0.0083748,          0.00095052,             0.86178,             0.87176,             0.90271,             0.51788,            0.028256,            0.018146,            0.006386,            0.003367,            0.003367,            0.003367
                 136,            0.015243,           0.0077701,           0.0011129,             0.85448,             0.89873,             0.93059,             0.53666,            0.028804,             0.01841,           0.0056538,           0.0033175,           0.0033175,           0.0033175
                 137,             0.01585,             0.00838,          0.00077819,             0.86766,             0.91528,             0.95118,             0.55162,            0.029099,            0.017928,           0.0055238,            0.003268,            0.003268,            0.003268
                 138,            0.014078,           0.0078471,           0.0011112,             0.86836,             0.89382,             0.95096,             0.52364,            0.028784,            0.018136,           0.0057081,           0.0032185,           0.0032185,           0.0032185
                 139,             0.01501,           0.0075041,           0.0010188,             0.89758,             0.85632,             0.94746,             0.53752,            0.028219,             0.01838,           0.0054188,            0.003169,            0.003169,            0.003169
                 140,            0.015329,           0.0079519,          0.00097739,              0.8758,             0.86664,             0.95698,             0.57965,            0.027575,            0.018547,           0.0055022,           0.0031195,           0.0031195,           0.0031195
                 141,            0.014299,           0.0077501,          0.00062328,             0.82277,             0.89927,             0.95615,             0.56422,            0.027776,            0.018879,           0.0056657,             0.00307,             0.00307,             0.00307
                 142,            0.013636,           0.0075124,          0.00075604,             0.90188,             0.87756,             0.95331,             0.55947,            0.027905,            0.018848,           0.0054045,           0.0030205,           0.0030205,           0.0030205
                 143,            0.013756,           0.0078293,           0.0010234,             0.86334,             0.89976,             0.94299,             0.55286,            0.027813,            0.018791,           0.0057995,            0.002971,            0.002971,            0.002971
                 144,            0.013213,           0.0071812,           0.0008699,             0.84658,             0.87239,             0.93533,             0.53512,            0.028018,            0.018887,           0.0062007,           0.0029215,           0.0029215,           0.0029215
                 145,            0.013584,           0.0075749,           0.0006951,             0.84976,             0.86271,             0.94079,             0.53645,            0.028098,            0.018863,           0.0069875,            0.002872,            0.002872,            0.002872
                 146,            0.013818,           0.0075944,          0.00069939,             0.85583,             0.84375,             0.92925,             0.53352,            0.028096,            0.018939,           0.0080007,           0.0028225,           0.0028225,           0.0028225
                 147,            0.013494,           0.0077366,          0.00080254,             0.86906,             0.83458,              0.9163,             0.53216,            0.028752,            0.018943,           0.0078713,            0.002773,            0.002773,            0.002773
                 148,            0.013908,           0.0075486,           0.0010384,             0.86053,             0.84395,             0.93494,             0.56139,            0.028445,            0.018698,           0.0071729,           0.0027235,           0.0027235,           0.0027235
                 149,            0.013027,           0.0077118,           0.0009926,             0.87681,             0.85517,              0.9397,             0.54575,            0.028033,            0.018573,           0.0060375,            0.002674,            0.002674,            0.002674
                 150,            0.012946,           0.0075449,           0.0006769,             0.89051,             0.86436,             0.94328,              0.5514,            0.028283,            0.018853,           0.0058298,           0.0026245,           0.0026245,           0.0026245
                 151,            0.013819,            0.006881,          0.00084027,             0.98484,             0.82996,             0.95915,             0.56311,            0.028454,            0.019135,           0.0058707,            0.002575,            0.002575,            0.002575
                 152,            0.012924,           0.0075173,          0.00093415,             0.95474,             0.84878,             0.95416,             0.56778,            0.028586,            0.019793,           0.0057442,           0.0025255,           0.0025255,           0.0025255
                 153,            0.012811,           0.0075949,           0.0006546,             0.93473,              0.8583,             0.95055,              0.5523,            0.028675,            0.019684,           0.0054797,            0.002476,            0.002476,            0.002476
                 154,            0.012785,           0.0075325,          0.00091038,             0.95833,             0.86019,             0.95489,             0.55924,            0.028493,            0.019515,           0.0052421,           0.0024265,           0.0024265,           0.0024265
                 155,            0.012739,           0.0073404,          0.00072368,             0.99015,             0.89125,             0.96517,             0.57096,            0.028337,            0.019183,           0.0053501,            0.002377,            0.002377,            0.002377
                 156,            0.012703,           0.0077891,          0.00085226,             0.88804,             0.92715,             0.95649,             0.55633,            0.028304,            0.018798,           0.0054913,           0.0023275,           0.0023275,           0.0023275
                 157,            0.012458,           0.0067894,           0.0005513,             0.89771,             0.92761,             0.95425,             0.56927,            0.028104,            0.018743,           0.0056934,            0.002278,            0.002278,            0.002278
                 158,            0.012382,           0.0073307,          0.00077082,             0.89802,             0.92998,             0.95553,             0.56092,            0.028223,            0.018758,           0.0061177,           0.0022285,           0.0022285,           0.0022285
                 159,            0.012302,           0.0069015,          0.00046095,             0.88928,             0.90703,             0.95048,              0.5698,            0.028131,            0.018736,           0.0066565,            0.002179,            0.002179,            0.002179
                 160,            0.011962,           0.0073791,          0.00070135,             0.89821,             0.86918,             0.95286,             0.57103,             0.02783,            0.018679,           0.0067945,           0.0021295,           0.0021295,           0.0021295
                 161,            0.011756,           0.0070579,          0.00054779,             0.83758,             0.93004,             0.95155,             0.56725,            0.027683,             0.01875,           0.0069569,             0.00208,             0.00208,             0.00208
                 162,            0.012175,           0.0072498,          0.00053494,             0.84895,             0.92554,             0.94679,             0.56586,             0.02771,            0.018696,            0.006628,           0.0020305,           0.0020305,           0.0020305
                 163,            0.012245,           0.0069008,           0.0005423,             0.85602,             0.93098,             0.94371,             0.57548,            0.027832,            0.018608,           0.0067555,            0.001981,            0.001981,            0.001981
                 164,            0.012097,           0.0070814,          0.00050994,             0.85138,             0.92699,             0.94235,             0.56953,            0.027925,            0.018742,           0.0068861,           0.0019315,           0.0019315,           0.0019315
                 165,            0.011954,           0.0068587,          0.00062353,             0.85726,             0.93098,             0.94397,             0.56184,            0.028009,             0.01913,           0.0067921,            0.001882,            0.001882,            0.001882
                 166,            0.011741,           0.0063197,          0.00051884,             0.86367,             0.92625,             0.94307,             0.56052,            0.028432,            0.019502,           0.0065724,           0.0018325,           0.0018325,           0.0018325
                 167,            0.011423,           0.0067799,          0.00056152,             0.93234,             0.79716,             0.93857,             0.56511,            0.028553,             0.01991,           0.0066331,            0.001783,            0.001783,            0.001783
                 168,            0.011553,           0.0068692,          0.00061375,             0.86546,             0.89165,             0.93882,             0.54611,            0.028655,            0.020174,           0.0066282,           0.0017335,           0.0017335,           0.0017335
                 169,            0.011991,            0.006754,           0.0015087,             0.80125,             0.93035,             0.94103,             0.55195,            0.028397,            0.020545,           0.0066247,            0.001684,            0.001684,            0.001684
                 170,             0.01106,           0.0068893,          0.00068841,             0.82758,             0.92221,             0.94185,             0.56203,            0.028061,            0.020924,           0.0067796,           0.0016345,           0.0016345,           0.0016345
                 171,            0.011536,           0.0071016,          0.00037914,             0.82673,             0.92322,             0.94545,             0.57595,            0.028385,            0.021159,           0.0068114,            0.001585,            0.001585,            0.001585
                 172,            0.011457,           0.0065621,          0.00036517,               0.856,              0.8962,             0.94011,             0.57069,            0.028237,             0.02122,           0.0066703,           0.0015355,           0.0015355,           0.0015355
                 173,            0.011077,           0.0069448,          0.00046185,             0.85013,             0.92871,             0.94575,             0.56755,            0.028123,            0.021001,           0.0066591,            0.001486,            0.001486,            0.001486
                 174,               0.011,           0.0068579,          0.00049064,             0.84591,             0.92724,             0.94698,              0.5707,            0.028007,            0.020759,           0.0066902,           0.0014365,           0.0014365,           0.0014365
                 175,            0.010465,           0.0060948,          0.00048665,             0.84216,             0.92418,             0.94875,             0.56964,             0.02817,            0.020885,           0.0065789,            0.001387,            0.001387,            0.001387
                 176,            0.011354,           0.0071418,          0.00032746,             0.84323,             0.92738,             0.95048,             0.56982,            0.028307,            0.021365,           0.0064805,           0.0013375,           0.0013375,           0.0013375
                 177,            0.010818,           0.0062783,          0.00038517,             0.84702,             0.92925,             0.94915,             0.55678,            0.028411,            0.021641,           0.0065863,            0.001288,            0.001288,            0.001288
                 178,            0.011138,           0.0065786,          0.00066143,             0.84993,             0.92949,             0.94568,             0.57215,            0.028175,            0.021716,           0.0068572,           0.0012385,           0.0012385,           0.0012385
                 179,               0.011,           0.0065278,          0.00053295,             0.85256,             0.92472,              0.9446,              0.5576,            0.028082,            0.021463,           0.0071687,            0.001189,            0.001189,            0.001189
                 180,            0.010559,           0.0060334,          0.00033819,             0.85556,             0.91587,             0.94619,             0.57314,            0.028309,            0.021465,            0.007233,           0.0011395,           0.0011395,           0.0011395
                 181,            0.010821,           0.0062102,          0.00080668,             0.81099,             0.93098,             0.93779,             0.57249,            0.028377,            0.021486,           0.0073151,             0.00109,             0.00109,             0.00109
                 182,            0.010639,           0.0067387,          0.00084388,             0.84273,             0.92786,             0.93901,             0.56023,            0.028265,            0.021427,           0.0073057,           0.0010405,           0.0010405,           0.0010405
                 183,            0.010407,           0.0067492,          0.00066743,             0.85138,              0.8851,             0.93702,             0.57297,            0.028159,            0.021164,           0.0071115,            0.000991,            0.000991,            0.000991
                 184,            0.011123,           0.0066176,          0.00032971,             0.84236,             0.92174,             0.94472,             0.57856,            0.028196,            0.021215,           0.0068677,           0.0009415,           0.0009415,           0.0009415
                 185,            0.010196,           0.0068163,           0.0010681,             0.84207,             0.92424,             0.94535,             0.55893,            0.028372,            0.021323,           0.0066478,            0.000892,            0.000892,            0.000892
                 186,            0.010065,           0.0066854,           0.0006322,             0.83877,             0.92424,             0.94526,             0.56036,            0.028455,             0.02125,           0.0066488,           0.0008425,           0.0008425,           0.0008425
                 187,            0.010093,           0.0059723,          0.00050516,             0.84629,             0.92286,             0.94828,             0.56318,            0.028273,            0.021292,           0.0066399,            0.000793,            0.000793,            0.000793
                 188,            0.010936,           0.0062508,          0.00057319,             0.84054,             0.92761,              0.9469,             0.57597,            0.028059,            0.021395,           0.0066407,           0.0007435,           0.0007435,           0.0007435
                 189,            0.010528,           0.0063096,           0.0006479,             0.84142,             0.93098,             0.94568,             0.57447,            0.028095,            0.021338,           0.0067192,            0.000694,            0.000694,            0.000694
                 190,           0.0097903,           0.0064772,          0.00035336,             0.84174,             0.92911,             0.94829,             0.56223,            0.027994,            0.021326,           0.0067575,           0.0006445,           0.0006445,           0.0006445
                 191,            0.010021,           0.0065547,          0.00064452,             0.84183,              0.9278,             0.95115,             0.58276,            0.027943,            0.021413,           0.0068573,            0.000595,            0.000595,            0.000595
